{
    "apiVersion": "v1",
    "kind": "Endpoints",
    "metadata": {
        "annotations": {
            "endpoints.kubernetes.io/last-change-trigger-time": "2019-11-06T13:41:50Z"
        },
        "creationTimestamp": "2019-11-06T13:41:50Z",
        "labels": {
            "run": "cache"
        },
        "name": "cache",
        "namespace": "default",
        "resourceVersion": "77796",
        "selfLink": "/api/v1/namespaces/default/endpoints/cache",
        "uid": "2f9bc3d6-009b-11ea-bc7e-025000000001"
    },
    "subsets": [
        {
            "addresses": [
                {
                    "ip": "10.1.0.46",
                    "nodeName": "docker-desktop",
                    "targetRef": {
                        "kind": "Pod",
                        "name": "cache-8585c77d8f-dpm98",
                        "namespace": "default",
                        "resourceVersion": "77737",
                        "uid": "1ded38bf-009b-11ea-bc7e-025000000001"
                    }
                },
                {
                    "ip": "10.1.0.47",
                    "nodeName": "docker-desktop",
                    "targetRef": {
                        "kind": "Pod",
                        "name": "cache-8585c77d8f-7jck7",
                        "namespace": "default",
                        "resourceVersion": "77744",
                        "uid": "1dec5261-009b-11ea-bc7e-025000000001"
                    }
                },
                {
                    "ip": "10.1.0.48",
                    "nodeName": "docker-desktop",
                    "targetRef": {
                        "kind": "Pod",
                        "name": "cache-8585c77d8f-hqdp5",
                        "namespace": "default",
                        "resourceVersion": "77753",
                        "uid": "1deef299-009b-11ea-bc7e-025000000001"
                    }
                },
                {
                    "ip": "10.1.0.49",
                    "nodeName": "docker-desktop",
                    "targetRef": {
                        "kind": "Pod",
                        "name": "cache-8585c77d8f-qszsz",
                        "namespace": "default",
                        "resourceVersion": "77762",
                        "uid": "1def63a8-009b-11ea-bc7e-025000000001"
                    }
                },
                {
                    "ip": "10.1.0.50",
                    "nodeName": "docker-desktop",
                    "targetRef": {
                        "kind": "Pod",
                        "name": "cache-8585c77d8f-mgcv9",
                        "namespace": "default",
                        "resourceVersion": "77768",
                        "uid": "1ded2801-009b-11ea-bc7e-025000000001"
                    }
                }
            ],
            "ports": [
                {
                    "port": 11211,
                    "protocol": "TCP"
                }
            ]
        }
    ]
}
